,Link,Contents,User,Type,Intent,PIC
0,https://www.facebook.com/groups/mogivietnam/permalink/2309758642393179,khu v·ª±c n√†o anh ∆°i,https://www.facebook.com/100030239707446,comment,,
1,https://www.facebook.com/groups/mogivietnam/permalink/2309758642393179,Khu v·ª±c v√† nhu c·∫ßu ntn ·∫°,https://www.facebook.com/100003343358273,comment,,
2,https://www.facebook.com/groups/mogivietnam/permalink/2309758642393179,"Nha cap 4 gan suoi cat duong oto nha moi xay gia 1ty400 trieu ,can them thong tin gi them thi lh 0961563800",https://www.facebook.com/100024519620517,comment,,
3,https://www.facebook.com/groups/mogivietnam/permalink/2309758642393179,Nha 2ti1 dt 8*13.co gaÃÅc l·ª≠ng.SHR.duong nh∆∞Ã£a 6m.cach mat tien duog Nguyen h·ªØu tr√≠ tt tan tuc.30m.quan tam xin lien he.,https://www.facebook.com/100005685249407,comment,,
4,https://www.facebook.com/groups/mogivietnam/permalink/2309758642393179,Cho Quy·ªÅn s·ªë ƒêt ho·∫∑c li√™n l·∫°c v·ªõi Quy·ªÅn 0913628925,https://www.facebook.com/100033453488768,comment,,
5,https://www.facebook.com/groups/mogivietnam/permalink/2309758642393179,Long h·∫£i dc ko ban nha bao ƒë·∫πp,https://www.facebook.com/100021826896270,comment,,
6,https://www.facebook.com/groups/mogivietnam/permalink/2309758642393179,Nh√† T√¢n Ph√∫ 1t·ª∑ 9,https://www.facebook.com/100011559486277,comment,,
7,https://www.facebook.com/groups/mogivietnam/permalink/2309758642393179,"NH√Ä B√ÅN H·∫∫M TR·∫¶N H∆ØNG ƒê·∫†O!
+ K·∫øt c·∫•u : Nh√† 1 m√™ nguy√™n.
+ Di·ªán t√≠ch : 48m ngang 6m",https://www.facebook.com/100028911293208,comment,,
8,https://www.facebook.com/groups/mogivietnam/permalink/2309758642393179,iko e,https://www.facebook.com/100009203547063,comment,,
9,https://www.facebook.com/groups/mogivietnam/permalink/2309758642393179,Nh√† c·∫•p 4 m·∫∑t ti·ªÅn c√¢y Sung 5*20 bi√™n nh·∫≠n b√°n 2ty kp4trang d√†i,https://www.facebook.com/100012870437069,comment,,
10,https://www.facebook.com/groups/mogivietnam/permalink/2309758642393179,5x 40 Gia 1ty850,https://www.facebook.com/100022926020705,comment,,
11,https://www.facebook.com/groups/mogivietnam/permalink/2309758642393179,3x10..shr. nh√† g·∫ßn hi·ªáp thanh cty. 1ty4..3x8..s√¥ h√¥ng ri√™ng. 1 tret l√¢u. Nguy·ªÖn van qua q12..2ty1.....5x5..h·∫ªm ch·ª£ thi·∫øc l√™ van kh∆∞∆°ng shr. ƒêuong xe hoi 1tret l√¢u.. Gi√° 1ty950.....5x6..1tret l√¢u nh√† ko l·ªô gioi. M√™ tr√¥ t√¢n th07.q12.gi√° 2ty250....xem nha ib 0901.755.956,https://www.facebook.com/100034548890807,comment,,
12,https://www.facebook.com/groups/mogivietnam/permalink/2309758642393179,"mua nh√† shophouse ·ªü Thu·∫≠n An B√¨nh D∆∞∆°ng (c√°ch v√≤ng xoay An Ph√∫ 1.5km) n√® b·∫°n ∆°i
1 tr·ªát 2 l·∫ßu 3 pn
3 khu ch·ª£ bao quanh (Ph√∫ Phong,ƒê√¥ng Ph√∫ A,ƒê√¥ng ƒê√¥) ti·ªán √≠ch ngo·∫°i khu ƒë·∫ßy ƒë·ªß (Eon Mall,Lotte Mart,tr∆∞·ªùng h·ªçc, b·ªánh vi·ªán,...)",https://www.facebook.com/1712891888,comment,,
13,https://www.facebook.com/groups/mogivietnam/permalink/2309758642393179,"Nh√† Ph∆∞·ªõc t√¢n ƒë·ªìng Nai 1 tr·ªát 2 l·∫ßu gi√° 1,9 t·ª∑ tr∆∞·ªùng h·ªçc ch·ª£ s√°t ngay 200m lh 0986518597 mr huynh",https://www.facebook.com/100011475903750,comment,,
14,https://www.facebook.com/groups/mogivietnam/permalink/2309758642393179,"Sunshine City S√†i G√≤n c√≥ l·ª£i th·∫ø ƒë·∫∑c bi·ªát khi t·ªça l·∫°c t·∫°i v·ªã tr√≠ trung t√¢m qu·∫≠n 7, li·ªÅn k·ªÅ Ph√∫ M·ªπ H∆∞ng ""m·ªôt Singapore thu nh·ªè"" c·ªßa Vi·ªát Nam S·ª± ƒë·∫Øc ƒë·ªãa v·ªÅ v·ªã tr√≠ k·∫ø s√¥ng, c·∫≠n th·ªßy mang l·∫°i cho c√°c cƒÉn h·ªô c·ªßa Sunshine City S√†i G√≤n t·∫ßm nh√¨n panorama tho√°n",https://www.facebook.com/100022437635854,comment,,
15,https://www.facebook.com/groups/mogivietnam/permalink/2309758642393179,H√≤a l·ª£i nh√© b·∫°n 0971739980,https://www.facebook.com/100036567549399,comment,,
16,https://www.facebook.com/groups/mogivietnam/permalink/2309758642393179,5x40,https://www.facebook.com/100036567549399,comment,,
17,https://www.facebook.com/groups/mogivietnam/permalink/2309758642393179,"Nh√† h·∫ªm 3m, tr·∫ßn xu√¢n so·∫°n Q7, gi√° 1ty500.",https://www.facebook.com/100000078174187,comment,,
18,https://www.facebook.com/groups/mogivietnam/permalink/2309758642393179,CƒÉn h·ªô 1 t·ª∑ 5 :D,https://www.facebook.com/100001639598925,comment,,
19,https://www.facebook.com/groups/mogivietnam/permalink/2309758642393179,"C·ª± l·ªôc 25mx 3t gia 2,05 ty-phongf kh√°ch , bep, 3ph√≤ng ng·ªß , 3 vs , 1 s√¢n phoi .oto c√°ch 10m- 0988598686",https://www.facebook.com/100034166473988,comment,,
20,https://www.facebook.com/groups/mogivietnam/permalink/2309758642393179,Ty to bi√™n ho√† lh 0901329296,https://www.facebook.com/100006932952948,comment,,
21,https://www.facebook.com/groups/mogivietnam/permalink/2309758642393179,H√≥c m√¥n ƒëc k ·∫°,https://www.facebook.com/100004115057660,comment,,
22,https://www.facebook.com/groups/mogivietnam/permalink/2309758642393179,"4*17 L√™ vƒÉn l∆∞∆°ng h·∫ªm xe h∆°i 2,050t .",https://www.facebook.com/100001566855093,comment,,
23,https://www.facebook.com/groups/mogivietnam/permalink/2309758642393179,"üî• Ng√¢n h√†ng VIB mong ƒë∆∞·ª£c h·ª£p t√°c c√πng qu√Ω Anh Ch·ªã trong th·ªùi gian t·ªõi: h·ªó tr·ª£ kh√°ch h√†ng vay v·ªën mua nh√† ƒë·∫•t/cƒÉn h·ªô/ƒë·∫•t n·ªÅn d·ª± √°n ( c√≥ s·ªï), xe oto
L√£i su·∫•t: 8.1% ƒë·∫øn 7.7%
Hoa h·ªìng gi·ªõi thi·ªáu kh√¥ng gi·ªõi h·∫°n ( vay 15 t·ª∑ hoa h·ªìng l√† 45 tri·ªáu ƒë·ªìng)",https://www.facebook.com/100002888792939,comment,,
24,https://www.facebook.com/groups/mogivietnam/permalink/2309758642393179,Nh√† ƒë·∫πp 2 t·∫•m 4x14 t·ªânh l·ªô 10 t√¢n t·∫°o b√¨nh t√¢n 2 t·ª∑,https://www.facebook.com/100014481930064,comment,,
25,https://www.facebook.com/groups/mogivietnam/permalink/2309758642393179,"g√≤ v·∫•p 5x4 1 l·∫ßu dtcn ƒë·ªß ch·ªët 1,5ty",https://www.facebook.com/100022182513864,comment,,
26,https://www.facebook.com/groups/mogivietnam/permalink/2309758642393179,"Q12, 1ty3",https://www.facebook.com/100003567243542,comment,,
27,https://www.facebook.com/groups/mogivietnam/permalink/2309758642393179,NhaÃÄ nhoÃâ q11 1ty6 ƒë√¢y ib ƒë√™Ãâ bi√™ÃÅt th√¥ng tin,https://www.facebook.com/100009274732496,comment,,
28,https://www.facebook.com/groups/mogivietnam/permalink/2309758642393179,Nh√† l·∫ßu tr·ªát thu·∫≠n an 1ty5,https://www.facebook.com/100010118564303,comment,,
29,https://www.facebook.com/groups/mogivietnam/permalink/2309758642393179,,https://www.facebook.com/100029507202736,comment,,
30,https://www.facebook.com/groups/mogivietnam/permalink/2309758642393179,,https://www.facebook.com/100029507202736,comment,,
31,https://www.facebook.com/groups/mogivietnam/permalink/2309758642393179,,https://www.facebook.com/100029507202736,comment,,
32,https://www.facebook.com/groups/mogivietnam/permalink/2309758642393179,,https://www.facebook.com/100029507202736,comment,,
33,https://www.facebook.com/groups/mogivietnam/permalink/2309758642393179,"Nh√† qu·∫≠n 4 gi√° t·ª´ 800 ƒë·∫øn 2 t·ª∑, LH 0902 968 572 - Oanh",https://www.facebook.com/100001730857347,comment,,
34,https://www.facebook.com/groups/mogivietnam/permalink/2309758642393179,Anh,https://www.facebook.com/100003035128339,comment,,
35,https://www.facebook.com/groups/mogivietnam/permalink/2309758642393179,BiÃÄnh thaÃ£nh 14.5m2 1 tr√™Ã£t 1 luÃâng. GiaÃÅ 2tyÃâ 2,https://www.facebook.com/100000277181369,comment,,
36,https://www.facebook.com/groups/mogivietnam/permalink/2309758642393179,C√≥ nh√† m·ªõi s·ªï ri√™ng b√¨h ch√°h Gi√° 1.6 tƒ© c√≤n tl·ª±∆°g n·∫øu c·∫ßn lh sƒët 0856718693 xac b√¨h ch√°h 1 tƒ© s·ªï rieg,https://www.facebook.com/100034584097828,comment,,
37,https://www.facebook.com/groups/mogivietnam/permalink/2309758642393179,ib m√¨nh nh√© nh√† m·ªõi x√¢y . ƒë·∫•t m·∫∑t ti·ªÅn,https://www.facebook.com/100007012366284,comment,,
38,https://www.facebook.com/groups/mogivietnam/permalink/2309758642393179,,https://www.facebook.com/100027658248539,comment,,
39,https://www.facebook.com/groups/mogivietnam/permalink/2309758642393179,Nh√† 1lau 1tret dt 87m2 ngay ch·ª£ t√¢n long dƒ© an gi√° 1t950 lh 0933248101,https://www.facebook.com/100023174446282,comment,,
40,https://www.facebook.com/groups/mogivietnam/permalink/2309758642393179,k√™nh th√¥ng tin nh√† ch√≠nh ch·ªß uy t√≠n,https://www.facebook.com/100001106025815,comment,,
41,https://www.facebook.com/groups/mogivietnam/permalink/2309758642393179,Nha s·ªï chung ƒëc k a,https://www.facebook.com/100036789528375,comment,,
42,https://www.facebook.com/groups/mogivietnam/permalink/2309758642393179,"Nh√† qu·∫≠n 9, ƒê·ªó Xu√¢n H·ª£p gi√° 1.710 t·ª∑",https://www.facebook.com/100000448178146,comment,,
43,https://www.facebook.com/groups/mogivietnam/permalink/2306562109379499,.,https://www.facebook.com/100001851716218,comment,,
44,https://www.facebook.com/groups/mogivietnam/permalink/2306562109379499,C√≥ stk th√¨ mang ra c√¥ng an nha ch·ªã,https://www.facebook.com/100000481790683,comment,,
45,https://www.facebook.com/groups/mogivietnam/permalink/2306562109379499,,https://www.facebook.com/100007403267325,comment,,
46,https://www.facebook.com/groups/mogivietnam/permalink/2306562109379499,,https://www.facebook.com/100007403267325,comment,,
47,https://www.facebook.com/groups/mogivietnam/permalink/2306562109379499,Ng∆∞·ªùi n√†y h·∫£ ch·ªã,https://www.facebook.com/100007403267325,comment,,
48,https://www.facebook.com/groups/mogivietnam/permalink/2306562109379499,Chu·∫©n r e,https://www.facebook.com/100006011144267,comment,,
49,https://www.facebook.com/groups/mogivietnam/permalink/2306562109379499,Ch∆°i l·ªõn v·∫≠y... kh√¥ng g·∫∑p m·∫∑t m√† d√°m trao th√¢n...,https://www.facebook.com/100004139863495,comment,,
50,https://www.facebook.com/groups/mogivietnam/permalink/2306562109379499,,https://www.facebook.com/100003881400158,comment,,
51,https://www.facebook.com/groups/mogivietnam/permalink/2306562109379499,CuÃÉng biÃ£ n nt gaÃ£,https://www.facebook.com/100003881400158,comment,,
52,https://www.facebook.com/groups/mogivietnam/permalink/2306562109379499,N√≥ xu·∫•t hi·ªán ·ªü m·ªçi n∆°i r√πi anh em!!,https://www.facebook.com/100005319796451,comment,,
53,https://www.facebook.com/groups/mogivietnam/permalink/2306562109379499,"Di·ªát n√≥, ƒë·ª´ng ƒë·ªÉ n√≥ ƒë·∫ª tr·ª©ng",https://www.facebook.com/100006011144267,comment,,
54,https://www.facebook.com/groups/mogivietnam/permalink/2306562109379499,"C√≥ b·∫±ng ch·ª©ng th√¨ ƒë∆∞a n√≥ ƒëi ƒëi m·ªçi ng∆∞·ªùi, ƒë·ª´ng v√¨ th·∫•y 2tr kh√¥ng ƒë√°ng g√¨ m√† b·ªè qua, n√≥ s·∫Ω h·∫°i th√™m bi·∫øt bao nhi√™u ng∆∞·ªùi n·ªØa, nh∆∞ th·∫±ng b√© l·ª´a ƒë·∫£o fb ·∫•y.",https://www.facebook.com/100010365428503,comment,,
55,https://www.facebook.com/groups/mogivietnam/permalink/2306562109379499,2 tr l√† ƒë·ªß ƒëk x·ª≠ l√≠ h√¨nh s·ª± nha b·∫°n,https://www.facebook.com/100003609527650,comment,,
56,https://www.facebook.com/groups/mogivietnam/permalink/2306562109379499,C√°i n√†y m√¨nh nghƒ© b·∫°n c·ª© lv vs Ng√¢n h√†ng B√åDV ƒë·ªÉ h·ªç b√°o c√¥ng an x·ª≠ l√Ω TK kia. C√≤n h√¨nh tr√™n Zalo hay fb nhi·ªÅu khi b·ªçn l·ª´a ƒë·∫£o dowload h√¨nh c·ªßa ai v·ªÅ t·∫°o nick ·∫£o c≈©ng n√™n. C√≥ khi ng∆∞·ªùi trong h√¨nh b·ªã l·ª£i d·ª•ng h√¨nh ·∫£nh l√†m bidv b·∫°n ah,https://www.facebook.com/100000799815957,comment,,
57,https://www.facebook.com/groups/mogivietnam/permalink/2306562109379499,"ha, tay nay hom trc nhan dinh lua minh, minh hoi cho bang chung ban la ng cua ngan hang cai lan luon, con chui minh nua, nay vvan di lua dao ha troi, hon 1 nam roi",https://www.facebook.com/100003049650285,comment,,
58,https://www.facebook.com/groups/mogivietnam/permalink/2306562109379499,BIDV da duoi viec no may nam roi ma,https://www.facebook.com/100003049650285,comment,,
59,https://www.facebook.com/groups/mogivietnam/permalink/2306562109379499,MiÃÄnh b·ªã th·∫±ng n√†y l·ª´a 1 tri·ªáu h√¥m th·ª© 3 tu·∫ßn tr∆∞·ªõc. G·ªçi l√™n ƒë∆∞·ªùng d√¢y n√≥ng BIDV th√¨ nv t·ªïng ƒë√†i n√≥i ng√¢n h√†ng ko ch·ªãu tr√°ch nhi·ªám. Ra c√¥ng an ph∆∞·ªùng 14 qu·∫≠n T√¢n B√¨nh tr√¨nh b√°o th√¨ c√°n b·ªô tr·ª±c ban l√† trung √∫y Long k√™u ng·ªìi vi·∫øt t∆∞·ªùng tr√¨nh. Vi·∫øt c·∫£ bu·ªï,https://www.facebook.com/100034282338218,comment,,
60,https://www.facebook.com/groups/mogivietnam/permalink/2308140855888291,"ƒêkm to√†n l√† l·ª´a ƒë·∫£o b√°n ƒë·∫•t ·∫£o, bi·∫øn mie m√†y ƒëi alibaba",https://www.facebook.com/100000834553504,comment,,
61,https://www.facebook.com/groups/mogivietnam/permalink/2308140855888291,qu√° s∆∞·ªõng lu√¥n n√®,https://www.facebook.com/100003237134189,comment,,
62,https://www.facebook.com/groups/mogivietnam/permalink/2308140855888291,h·∫•p d·∫´n cho nh√† ƒë·∫ßu t∆∞ . Ch∆∞a th·∫•y ai m√† c√≥ c√°i ƒë·∫ßu √≥c kinh doanh nh∆∞ b√°c . Vay ng√¢n h√†ng mua bds c√≥ m√°u l√†m gi√†u =) nhan e 1 lay,https://www.facebook.com/100007246232036,comment,,
63,https://www.facebook.com/groups/mogivietnam/permalink/2308140855888291,Sao m·∫•y b√°c Ali k ch·ªâ lu√¥n l√†m th·∫ø n√†o m√† c√≥ th·ªÉ vay Ng√¢n h√†ng ƒë∆∞·ª£c 1 t·ª∑ ƒë·ªÉ mua bƒës nh·ªâ,https://www.facebook.com/100004066490352,comment,,
64,https://www.facebook.com/groups/mogivietnam/permalink/2308140855888291,C√°i ƒë·ªãt m·∫π m√†y Alibaba :))),https://www.facebook.com/100001213615328,comment,,
65,https://www.facebook.com/groups/mogivietnam/permalink/2308140855888291,ƒê√π. ƒê·∫ßu t∆∞ ngon ƒÉn nh∆∞ v·∫≠y sao ƒë√©o √¥m m√† ƒÉn h·∫øt ƒëi nh·ªâ. T·ª± d∆∞ng b√†y cho thi√™n h·∫° gi√†u √† .. l√≤ng t·ªët vkl,https://www.facebook.com/100004182222259,comment,,
66,https://www.facebook.com/groups/mogivietnam/permalink/2308140855888291,Vay th·∫≥ng 100ty r·ªìi mua lu√¥n .,https://www.facebook.com/1834114134,comment,,
67,https://www.facebook.com/groups/mogivietnam/permalink/2308140855888291,L√£i 180tr hay m·∫•t h·∫øt lu√¥n...,https://www.facebook.com/100009948819008,comment,,
68,https://www.facebook.com/groups/mogivietnam/permalink/2308140855888291,X√†m lol Alibaba,https://www.facebook.com/1016319829,comment,,
69,https://www.facebook.com/groups/mogivietnam/permalink/2308140855888291,"D·ªÉ ƒÉn nh·ªâ, v·ªÅ k√™u B√† con d√≤ng h·ªç m√† ƒë·∫ßu t∆∞, ƒëƒÉng l√™n ƒë√¢y chi v·∫≠y",https://www.facebook.com/100004020673924,comment,,
70,https://www.facebook.com/groups/mogivietnam/permalink/2308140855888291,Baba b·ªã x√†o g·ª´ng r·ªìi em,https://www.facebook.com/100029675478869,comment,,
71,https://www.facebook.com/groups/mogivietnam/permalink/2308140855888291,Nh∆∞ v·∫≠y th√¨ ƒë·∫•t n∆∞·ªõc n√†y ƒë√©o c√≥ ai ngheo n·ªói ƒë√¢u h√©n. C√≥ l·ªùi v·∫≠y v·ªÅ k√™u ba m√° n√†y √¥ng c·ªë n·ªôi h·ªç h√†ng m√†y m√† ƒëi thu·∫ø ch·∫•p vay r·ªìi ƒë·∫ßu t∆∞ cho m√†y ƒë·ªÉ h·ªç h√†ng m√†y gi√†u l√™n.,https://www.facebook.com/100008348439416,comment,,
72,https://www.facebook.com/groups/mogivietnam/permalink/2308140855888291,Con m·∫π b·ªçn alibaba l√†m m·∫•t m·∫∑t m·∫•t danh d·ª± c·ªßa ae m√¥i gi·ªõi.,https://www.facebook.com/100003237131798,comment,,
73,https://www.facebook.com/groups/mogivietnam/permalink/2308140855888291,Con c·ª• c√°i th·∫±ng vi·∫øt b√†i. L√†m ƒÉn t√≠ch ƒë·ª©c cho con ch√°u k nh√† m√†u tuy·ªát t·ª± ƒë·∫•y con ·∫°. R·ªìi m√†y ra ƒë∆∞·ªùng tai n·∫°n k to√†n th√¢y ƒë√¢u.,https://www.facebook.com/100003237131798,comment,,
74,https://www.facebook.com/groups/mogivietnam/permalink/2308140855888291,S∆∞∆°ÃÅng z m t∆∞Ã£ mua ƒëi,https://www.facebook.com/100009274732496,comment,,
75,https://www.facebook.com/groups/mogivietnam/permalink/2308140855888291,T√†o lao :)))),https://www.facebook.com/100009303391383,comment,,
76,https://www.facebook.com/groups/mogivietnam/permalink/2308140855888291,n√® ku,https://www.facebook.com/100000806877675,comment,,
77,https://www.facebook.com/groups/mogivietnam/permalink/2308140855888291,Lol,https://www.facebook.com/100005842500666,comment,,
78,https://www.facebook.com/groups/mogivietnam/permalink/2308140855888291,Kh√¥ng c√≥ con ·∫øch l·ªõn nh∆∞ v·∫≠y nh·∫£y tr√™n ƒë∆∞·ªùng ph·ªë Ôºå c·∫©n th·∫≠n m·∫•t ti·ªÅn,https://www.facebook.com/1482055876,comment,,
79,https://www.facebook.com/groups/mogivietnam/permalink/2308140855888291,Alibaba b·∫°n b√°n ph√°p l√≠ ntn,https://www.facebook.com/100001916557600,comment,,
80,https://www.facebook.com/groups/mogivietnam/permalink/2308140855888291,nghe n√≥ l√† m·∫•t h·∫øt nhe qu√Ω d·ªã,https://www.facebook.com/100022310266172,comment,,
81,https://www.facebook.com/groups/mogivietnam/permalink/2308140855888291,L·∫°i l√† alibaba h·ªü???,https://www.facebook.com/100023626564219,comment,,
82,https://www.facebook.com/groups/mogivietnam/permalink/2308140855888291,"ngon ƒÉn v√¢y t·ªõi t·ª•i tao h·∫£, m√†y v·ªÅ r·ªß d√≤ng h·ªç; c·∫ßm h·∫øt nh√† c·ª≠a quƒÉng yo mua ƒëi",https://www.facebook.com/1393515457,comment,,
83,https://www.facebook.com/groups/mogivietnam/permalink/2308140855888291,"B√°n ƒë·∫•t c≈©ng t√™n Mega. Nh∆∞ng l√† Mega City, Kon Tum. Gi√° 400tr/150m2. 3 th√°ng c√≥ s·ªï ( cam k·∫øt c√≥ s·ªï ) ƒë·∫£m b·∫£o cu·ªëi nƒÉm nh·∫≠n t√°i ƒë·∫ßu t∆∞ l·ªùi tr√™n 10%. ü§£",https://www.facebook.com/100002936524075,comment,,
84,https://www.facebook.com/groups/mogivietnam/permalink/2308140855888291,,https://www.facebook.com/100004361706403,comment,,
85,https://www.facebook.com/groups/mogivietnam/permalink/2308140855888291,th·∫ø l√† b·∫°n b·ªã l·ª´a m·∫•t m·∫π 1 t·ª∑ :)))),https://www.facebook.com/100003943522584,comment,,
86,https://www.facebook.com/groups/mogivietnam/permalink/2308140855888291,C√≥ c√°i cc üôÇ,https://www.facebook.com/100030234800310,comment,,
87,https://www.facebook.com/groups/mogivietnam/permalink/2308140855888291,D√≠nh v√¥ ali m·∫•t m·∫π 1 t·ª∑ vay ng√¢n h√†ng :)) c√≤n m·∫•t lu√¥n ƒë·∫•t ƒëang th·∫ø ch·∫•p cho ng√¢n h√†ng :))) m t√≠nh d·ª°n m·∫∑t ng√¢n h√†ng √† ^^,https://www.facebook.com/100030234800310,comment,,
88,https://www.facebook.com/groups/mogivietnam/permalink/2308140855888291,C·∫ßm c√°i h·ª£p ƒë·ªìng ƒë∆∞ua cho ai l√†m ph√°p l√Ω th√¨ l√≤i ra ƒë∆∞a ti·ªÅn cho ng∆∞·ªùi ta x√†i ... B√°n ƒë·∫•t √≠t nh·∫•t c≈©ng ph·∫£i c√≥ s·ªï ƒë·ªè,https://www.facebook.com/100000359658338,comment,,
89,https://www.facebook.com/groups/mogivietnam/permalink/2308140855888291,L·∫•y ti·ªÅn ng∆∞·ªùi tr∆∞·ªõc- tr·∫£ cho ng∆∞·ªùi sau- khi l√™n nh·∫≠n l√£i 30% m·ªù m·∫Øt l·∫°i t√°i ƒë·∫ßu t∆∞ ti·∫øp- v√¨ l√≤ng tham t·ª± h·∫°i m√¨nh ch·ª© ai,https://www.facebook.com/100005655188721,comment,,
90,https://www.facebook.com/groups/mogivietnam/permalink/2308140855888291,Th·∫ø ch·ªß th·ªõt v·ªÅ v·∫≠n ƒë·ªông d√≤ng h·ªç nh√† ch·ªß th·ªõt c·∫ßm nh√† ƒëi vay ng√¢n h√†ng. Sau ƒë√≥ mua ƒë·∫•t ·ªü alibaba ƒë·ªÉ ki·∫øm l·ªùi.,https://www.facebook.com/100003034700928,comment,,
91,https://www.facebook.com/groups/mogivietnam/permalink/2308140855888291,,https://www.facebook.com/100000090795811,comment,,
92,https://www.facebook.com/groups/mogivietnam/permalink/2308140855888291,Th·∫ø th√¨ th·∫±ng sale t·ª± vay ƒëi m√† ƒë·∫ßu t∆∞.,https://www.facebook.com/100000615932838,comment,,
93,https://www.facebook.com/groups/mogivietnam/permalink/2308140855888291,"ƒê·∫•t kh√¥ng b√°n ƒë∆∞·ª£c, d√≠nh quy ho·∫°ch, s·ªï s√°ch khong r√µ r√†ng, ƒë√≥ng bƒÉng v..v.. m·ªói nƒÉm n·ª£ th√™m 120tri·ªáu, nhanh tay ki·∫øm th√™m n·ª£ n√†o",https://www.facebook.com/100014264866385,comment,,
94,https://www.facebook.com/groups/mogivietnam/permalink/2308140855888291,"ƒë·∫ßu t∆∞ Alibaba 1 t·ª∑ ƒëi r·ªìi cu·ªëi nƒÉm n√≥ g·ª≠i cho m√†y ch·ª≠ "" S∆∞·ªõng c√°i lol ch·ª© S∆∞·ªõng """,https://www.facebook.com/100003791453201,comment,,
95,https://www.facebook.com/groups/mogivietnam/permalink/2308140855888291,Uppp,https://www.facebook.com/1774946329273484,comment,,
96,https://www.facebook.com/groups/mogivietnam/permalink/2308140855888291,:))))) ƒë√©o bi·∫øt n√≥i sao ƒëa s·ªë nh∆∞g th·∫±ng cmt ·ªü ƒë√¢y to√†n ch∆∞a bao gi·ªù c·∫ßm dc ti·ªÅn t·ª´ n√≥ th√¨ pla pla l√† ph√£i r·ªìi :)))) dm n√≥ c√≥ l·ª´a ƒë·∫£o hay kh√¥ng t·ªõi gi·ªù v·∫´n ch∆∞a ai d√°m kh·∫µng ƒë·ªãnh. Dkm t n√≥i ch·ª© n·∫øu b·∫Øt dc n√≥ l·ª´a th√¨ n√≥ ph√° s·∫£n l√¢u r·ªìi ch·ª© ch·ªù t·ª•i b√¢y n√≥i cl ji ko bi·∫øt :))))),https://www.facebook.com/100007993262161,comment,,
97,https://www.facebook.com/groups/mogivietnam/permalink/2308140855888291,Th·∫±ng admin m·∫∑t l·ªìn ƒë√¢u r·ªìi m√† c·ª© ƒë·ªÉ m·∫•y th√†nh ph·∫ßn n√†y t·ªìn t·∫°i trong group m√£i v·∫≠y?hay l√† admin c≈©ng chung bƒÉng ƒë·∫£ng n√™n k d√°m xu·ªëng tay?,https://www.facebook.com/100002096108340,comment,,
98,https://www.facebook.com/groups/mogivietnam/permalink/2308140855888291,Ko kh√©o m·∫•t m·∫π 1ty ·ªü ƒë√≥ m√† s·ªëng ·∫£o l∆∞·ªõt nhanh ... B·ªõt d·ª• ng∆∞·ªùi ƒëi m·∫•y con z·ªùi,https://www.facebook.com/100002216066616,comment,,
99,https://www.facebook.com/groups/mogivietnam/permalink/2308140855888291,Nghe ki·ªÉu n√≥i ƒëa c·∫•p m√† mu·ªën cho c√°c b·∫°n alibaba ƒÉn t∆∞∆°ng ƒë·ªè qu√°.ti·ªÅn m·ªì h√¥i nc m·∫Øt ch·ª© c√≥ ph·∫£i ti·ªÅn l∆∞·ª£m ƒë√¢u m√† c√°c b·∫°n c·ª© d·ª• ho√†i.,https://www.facebook.com/100010457894777,comment,,
100,https://www.facebook.com/groups/mogivietnam/permalink/2308140855888291,"1 thang c∆∞∆°ÃÅp da so roi, nay toi 41 thang, chot la cai chac",https://www.facebook.com/100005798891622,comment,,
101,https://www.facebook.com/groups/mogivietnam/permalink/2308140855888291,:))))) ƒë√©o bi·∫øt n√≥i sao ƒëa s·ªë nh∆∞g th·∫±ng cmt ·ªü ƒë√¢y to√†n ch∆∞a bao gi·ªù c·∫ßm dc ti·ªÅn t·ª´ n√≥ th√¨ pla pla l√† ph√£i r·ªìi :)))) dm n√≥ c√≥ l·ª´a ƒë·∫£o hay kh√¥ng t·ªõi gi·ªù v·∫´n ch∆∞a ai d√°m kh·∫µng ƒë·ªãnh. Dkm t n√≥i ch·ª© n·∫øu b·∫Øt dc n√≥ l·ª´a th√¨ n√≥ ph√° s·∫£n l√¢u r·ªìi ch·ª© ch·ªù t·ª•i b√¢y n√≥i cl ji ko bi·∫øt :))))),https://www.facebook.com/1774946329273484,comment,,
102,https://www.facebook.com/groups/mogivietnam/permalink/2308140855888291,üòâ anh c∆∞·ªùi ·ªâa v·ªõi l√Ω lu·∫≠n c·ªßa ch√∫ m√†y th·∫±ng ranh con alibobo ·∫° :))),https://www.facebook.com/100001179442352,comment,,
103,https://www.facebook.com/groups/mogivietnam/permalink/2308140855888291,Kg c√≥ g√¨ m√† ng√¢n h√†ng d√°m cho vay 1 t·ª∑ ??????,https://www.facebook.com/100006595266699,comment,,
104,https://www.facebook.com/groups/mogivietnam/permalink/2308140855888291,Cho ch√∫ng m√†y ƒÉn c·∫£,https://www.facebook.com/100000050076373,comment,,
105,https://www.facebook.com/groups/mogivietnam/permalink/2308140855888291,C·∫£ nh√† m√†y l√†m alibaba r·ªìi ch·∫øt,https://www.facebook.com/100000229700192,comment,,
106,https://www.facebook.com/groups/mogivietnam/permalink/2308140855888291,,https://www.facebook.com/100004716302423,comment,,
107,https://www.facebook.com/groups/mogivietnam/permalink/2308140855888291,Alibaba hok bi·∫øt c√≥ l·ª´a hay kh√¥ng ƒë√£ 5 nƒÉm r·ªìi c√†ng l√∫c c√†ng ph√°t tri·ªÉn,https://www.facebook.com/100004512601341,comment,,
108,https://www.facebook.com/groups/mogivietnam/permalink/2308140855888291,s·∫øp üòÇ,https://www.facebook.com/100007367948999,comment,,
109,https://www.facebook.com/groups/mogivietnam/permalink/2308140855888291,....,https://www.facebook.com/1774946329273484,comment,,
110,https://www.facebook.com/groups/mogivietnam/permalink/2310102349025475,ƒê·∫•t ƒë·∫πp ƒë∆∞·ªùng H·ªì VƒÉn Long t√¢n t·∫°o b√¨nh t√¢n ch·ªß ng·ªôp b√°n 2ty 5 dt5x25 ss ok g·∫ßn tr∆∞·ªùng h·ªçc g·∫ßn ch·ª£ g·∫ßn ph∆∞·ªùng,https://www.facebook.com/100014481930064,comment,,
111,https://www.facebook.com/groups/mogivietnam/permalink/2310102349025475,"m√¨nh c√≥ ƒë·∫•t n·ªÅn n·∫±m ngay m·∫∑t ti·ªÅn an ph√∫ t√¢y- b√¨nh ch√°nh, khu v·ª±c d√¢n c∆∞ hi·ªán h·ªØu, quan t√¢m li√™n h·ªá m√¨nh",https://www.facebook.com/100028326619460,comment,,
112,https://www.facebook.com/groups/mogivietnam/permalink/2310102349025475,Qu·∫≠n 9 gi√° 1ty850,https://www.facebook.com/100034933096996,comment,,
113,https://www.facebook.com/groups/mogivietnam/permalink/2310102349025475,"Ch√≠nh ch·ªß c·∫ßn B√°n l√¥ ƒë·∫•t th·ªï c∆∞ X√£ Ph∆∞·ªõc L·∫°i g·∫ßn ngay c·∫ßuR·∫°ch D·ª´a
Di·ªán t√≠ch ƒë·∫•t: 235m2
S·ªï H·ªìng ri√™ng",https://www.facebook.com/100014475064272,comment,,
114,https://www.facebook.com/groups/mogivietnam/permalink/2310102349025475,"Ch√≠nh ch·ªß c·∫ßn B√°n l√¥ ƒë·∫•t th·ªï X√£ Ph∆∞·ªõc L·∫°i g·∫ßn ngay c·∫ßuR·∫°ch D·ª´a
Di·ªán t√≠ch ƒë·∫•t: 662m2, th√™m 70m2 (732m2)
S·ªï H·ªìng ri√™ng",https://www.facebook.com/100014475064272,comment,,
115,https://www.facebook.com/groups/mogivietnam/permalink/2310102349025475,"üî•üî•üî•TIN HOT TIN HOTüî•üî•üî•
üåäüåäüåäCH·ªà C·∫¶N THANH TO√ÅN NGAY 260TR S·ªû H·ªÆU NGAY L√î ƒê·∫§T TMDV VEN BI·ªÇNüåäüåäüåä
M·ªòT SI√äU PH·∫®M THU·ªòC X√É TI·∫æN TH√ÄNH V·ªä TR√ç C·ª∞C K·ª≤ ƒê·∫∏P...
‚ôªÔ∏èV·ªã Tr√≠ :",https://www.facebook.com/100014469003552,comment,,
116,https://www.facebook.com/groups/mogivietnam/permalink/2310087495693627,Kh√≥ ƒë·∫•y,https://www.facebook.com/100031689919834,comment,,
117,https://www.facebook.com/groups/mogivietnam/permalink/2310087495693627,V√†o Mogi th√¨ sai l·∫ßm r·ªìi =)),https://www.facebook.com/100004249477313,comment,,
118,https://www.facebook.com/groups/mogivietnam/permalink/2310087495693627,"b√™n m√¨nh c√≥ ng∆∞·ªùi b√°n nh√† kv q1, q3. Quan t√¢m ib sƒët",https://www.facebook.com/100005698001608,comment,,
119,https://www.facebook.com/groups/mogivietnam/permalink/2310087495693627,Qua Phu nhu·∫≠n m·∫∑t ti√™n phan ƒëƒÉng l∆∞u mua ƒëi ban.25ty,https://www.facebook.com/100003867644987,comment,,
120,https://www.facebook.com/groups/mogivietnam/permalink/2310087495693627,n·∫Øm ch·ªß c√≥ ƒëc ko?,https://www.facebook.com/100004399950354,comment,,
121,https://www.facebook.com/groups/mogivietnam/permalink/2310087495693627,Ch√≠nh ch·ªß m·∫∑t ti·ªÅn th√¨ b·∫°n v√†o khu ch√≠nh ch·ªß ·∫•y,https://www.facebook.com/100007956036663,comment,,
122,https://www.facebook.com/groups/mogivietnam/permalink/2310087495693627,Hoa h·ªìng chia 8 nh√© ok th√¨ g·ªçi m√¨nh,https://www.facebook.com/100012719416358,comment,,
123,https://www.facebook.com/groups/mogivietnam/permalink/2310087495693627,"K·∫πt ti·ªÅn c·∫ßn b√°n nhanh nh√† 2 m·∫∑t HXH Qu·∫≠n 3. - H√†ng d√†nh cho kinh doanh.
- ƒê·ªãa ch·ªâ: H·∫ªm 1/ ƒë∆∞·ªùng L√™ VƒÉn S·ªπ , Ph∆∞·ªùng. 14 , Qu·∫≠n 3.
- Di·ªán t√≠ch : 4,8 x 16m ( n·ªü h·∫≠u ) , 2 m·∫∑t h·∫ªm, DT c√¥ng nh·∫≠n ƒë·ªß 77,36 m2 . DT s√†n : 247,6 m2",https://www.facebook.com/100008242714237,comment,,
124,https://www.facebook.com/groups/mogivietnam/permalink/2310087495693627,B·∫°n check inbox ak.,https://www.facebook.com/100002556977514,comment,,
125,https://www.facebook.com/groups/mogivietnam/permalink/2306842222684821,E c√≥ b√°n ƒë·∫•t kh√¥ng?,https://www.facebook.com/100002435481173,comment,,
126,https://www.facebook.com/groups/mogivietnam/permalink/2306842222684821,"E ∆°i..1,5 t·ª∑ oto v√†o dc ko?",https://www.facebook.com/100005882702548,comment,,
127,https://www.facebook.com/groups/mogivietnam/permalink/2306842222684821,"E ∆°i, ƒë·∫•t n·ªÅn 200tr c√≥ s·ªï ri√™ng k",https://www.facebook.com/100003981027812,comment,,
128,https://www.facebook.com/groups/mogivietnam/permalink/2306842222684821,,https://www.facebook.com/100013097673025,comment,,
129,https://www.facebook.com/groups/mogivietnam/permalink/2306842222684821,B√¢y gi·ªù anh mua th√¨ em c·∫Øt l·∫°i cho anh ƒë∆∞·ª£c bao nhi√™u,https://www.facebook.com/100003202639300,comment,,
130,https://www.facebook.com/groups/mogivietnam/permalink/2306842222684821,Ch·ªó em c√≥ s·ªï ch∆∞a üòä,https://www.facebook.com/100007603718089,comment,,
131,https://www.facebook.com/groups/mogivietnam/permalink/2306842222684821,Thanh kho·∫£n t·ªët ko. Khi n√†o b√°n ƒë∆∞·ª£c. C√°i g√¨ l√†m tƒÉng gi√°?,https://www.facebook.com/100004442081645,comment,,
132,https://www.facebook.com/groups/mogivietnam/permalink/2306842222684821,"Em ƒë·∫∑t sai cau h·ªèi r·ªìi. V·∫•n ƒë·ªÅ ko ph·∫£i l√† c√¢u h·ªèi d·ªÖ hay kh√≥, ko ph·∫£i c√¢u kh√≥ tr·∫£ l·ªùi dc l√† ng ta mua ƒë√¢u. C√¢u h·ªèi th√¨ ch·ªâ xoay quanh v·ªã tr√≠, s·ªï, phong thu·ª∑, ti·ªán √≠ch",https://www.facebook.com/1748367664,comment,,
133,https://www.facebook.com/groups/mogivietnam/permalink/2306842222684821,a ko c√≥ nhu c·∫ßu? üò¨,https://www.facebook.com/100002907858000,comment,,
134,https://www.facebook.com/groups/mogivietnam/permalink/2306842222684821,ƒê·∫•t long an ai c√≥ h·ª£p t√°c nha,https://www.facebook.com/1733280191,comment,,
135,https://www.facebook.com/groups/mogivietnam/permalink/2306842222684821,L·ª£i nhu·∫≠n cao nh∆∞ v·∫≠y sao e ko l√¥i k√©o h·ªç h√†ng ng∆∞·ªùi th√¢n c·ªßa e l√™n ƒë·∫ßu t∆∞,https://www.facebook.com/100029065130214,comment,,
136,https://www.facebook.com/groups/mogivietnam/permalink/2306842222684821,Th√°ng tr∆∞·ªõc a c√≥ quan t√¢m ƒë·∫•t c·ªßa b√™n e. 1 nh√¢n vi√™n kh√°c sale c√≤n 2 n·ªÅn th√°ng n√†y e l·∫°i t∆∞ v·∫•n cho a c≈©ng c√≤n 2 n·ªÅn. 2 n·ªÅn n√†y c√≥ v·∫•n ƒë·ªÅ g√¨ √† e,https://www.facebook.com/100029065130214,comment,,
137,https://www.facebook.com/groups/mogivietnam/permalink/2306842222684821,em ∆°i anh mua cho em m√¥Ã£t n√™ÃÄn thiÃÄ em nguÃâ v∆°ÃÅi anh m√¢ÃÅy l√¢ÃÄn,https://www.facebook.com/100034407621480,comment,,
138,https://www.facebook.com/groups/mogivietnam/permalink/2306842222684821,.,https://www.facebook.com/100008411110532,comment,,
139,https://www.facebook.com/groups/mogivietnam/permalink/2306842222684821,"t√¨m vc th√¨ qua ƒë√¢y l√†m vs e, ƒë∆∞·ª£c h·ªçc m·ªói ng√†y, ng√†y n√†o c≈©ng h·ªèi, c≈©ng ƒëc h·ªèi, k√¥ b√°n ƒëc h√†ng k√¥ ƒëu·ªïi vi·ªác üëå",https://www.facebook.com/100004175160669,comment,,
140,https://www.facebook.com/groups/mogivietnam/permalink/2306842222684821,.,https://www.facebook.com/100006881491931,comment,,
141,https://www.facebook.com/groups/mogivietnam/permalink/2306842222684821,.,https://www.facebook.com/100010324514602,comment,,
142,https://www.facebook.com/groups/mogivietnam/permalink/2306842222684821,"-D√ôNG CH√çNH T√ÄI S·∫¢N MU·ªêN MUA ƒê·ªÇ TH·∫æ CH·∫§P-
Th·ªß t·ª•c ƒë∆°n gi·∫£n - ƒë·∫∑c bi·ªát l√†m H·ªí S∆† K M·∫§T PH√ç - th·ªùi gian t·ªëi ƒëa 25 NƒÇM üòç
Ng√¢n h√†ng H√†ng H·∫£i MSB t√†i tr·ª£ 80% v·ªën v·ªõi l√£i su·∫•t h·∫•p d·∫´n 6.99% / nƒÉm",https://www.facebook.com/100003768992589,comment,,
143,https://www.facebook.com/groups/mogivietnam/permalink/2306842222684821,ƒê√†o t·∫°o mi·ªÖn ph√≠ ƒë·ªÉ l√†m vi·ªác nh∆∞ng c√≥ b·ªã nghe ch·ª≠i m·ªói ng√†y k? C·ª© t∆∞·ªüng l√†m ngh·ªÅ m√¥i gi·ªõi l√† nh·ªØng ng ki√™n nh·∫´n t√≠nh t√¨nh √¥n ho√† l·∫Øm ch·ª©?,https://www.facebook.com/100023833912675,comment,,
144,https://www.facebook.com/groups/mogivietnam/permalink/2306842222684821,.,https://www.facebook.com/100001488054848,comment,,
145,https://www.facebook.com/groups/mogivietnam/permalink/2306842222684821,.,https://www.facebook.com/100000475362516,comment,,
146,https://www.facebook.com/groups/mogivietnam/permalink/2306842222684821,"üí¢Nh√† 2MT ƒë∆∞·ªùng 5m5 l·ªÅ 3m, c√≥ s√¢n v∆∞·ªùn r·ªông ƒë·∫πp
-3P ng·ªß 3WC 1P b·∫øp 1 g√°c l·ªØng g·ªó l√†m ph√≤ng th·ªù . 1 ph√≤ng kh√°ch r·ªông ƒë·ªÉ tr·ªëng c√≥ th·ªÉ m·ªü kinh doanh CF v∆∞·ªùn ho·∫∑c si√™u th·ªã mini . L√†m vƒÉn ph√≤ng hay kho ƒë·ªÅu ok . N√≥i chung v·ª´a ·ªü - v·ª´a kinh doanh t·ªët .
ƒê·ªëi di·ªá",https://www.facebook.com/100008179121099,comment,,
147,https://www.facebook.com/groups/mogivietnam/permalink/2306842222684821,"ƒë·∫ßu t∆∞ nh∆°n tr·∫°ch th√¨ lh m,",https://www.facebook.com/100005036862804,comment,,
148,https://www.facebook.com/groups/mogivietnam/permalink/2306842222684821,A l√† a ko quan t√¢m nha e,https://www.facebook.com/100036257013541,comment,,
149,https://www.facebook.com/groups/mogivietnam/permalink/2306842222684821,,https://www.facebook.com/100003927453507,comment,,
150,https://www.facebook.com/groups/mogivietnam/permalink/2306842222684821,Sao gi√° ƒë·∫Øt th·∫ø em?,https://www.facebook.com/100008179743331,comment,,
151,https://www.facebook.com/groups/mogivietnam/permalink/2306842222684821,"Gi√° ch·ªâ : 21tr/m2

‚òéÔ∏è Li√™n h·ªá ngay HOTLINE : 0905998294.",https://www.facebook.com/100036349269278,comment,,
152,https://www.facebook.com/groups/mogivietnam/permalink/2306842222684821,Gi√° cao qu√° em,https://www.facebook.com/100001734724325,comment,,
153,https://www.facebook.com/groups/mogivietnam/permalink/2306842222684821,D·ª± √°n xa qu√°. A hk ƒë·∫ßu t∆∞,https://www.facebook.com/100032507779072,comment,,
154,https://www.facebook.com/groups/mogivietnam/permalink/2310152249020485,.,https://www.facebook.com/100013581001517,comment,,
155,https://www.facebook.com/groups/mogivietnam/permalink/2306378482731195,Gi√° sao c·∫≠u,https://www.facebook.com/100014750855679,comment,,
156,https://www.facebook.com/groups/mogivietnam/permalink/2306378482731195,Xin gi√° nh√© b·∫°n,https://www.facebook.com/100000124803218,comment,,
157,https://www.facebook.com/groups/mogivietnam/permalink/2306378482731195,g·ª≠i ƒë·∫ßy ƒë·ªß qa mes cho m√¨nh ƒëi.,https://www.facebook.com/100002126859998,comment,,
158,https://www.facebook.com/groups/mogivietnam/permalink/2306378482731195,Gi√° s v·∫≠y a.,https://www.facebook.com/100005515689701,comment,,
159,https://www.facebook.com/groups/mogivietnam/permalink/2306378482731195,e mua gi·ªõi nh√† ƒë·∫•t .. ch·ªã cho e th√™m √≠t th√¥ng tin chi ti·∫øt nh√°,https://www.facebook.com/100008621190589,comment,,
160,https://www.facebook.com/groups/mogivietnam/permalink/2306378482731195,,https://www.facebook.com/100023298083321,comment,,
161,https://www.facebook.com/groups/mogivietnam/permalink/2306378482731195,,https://www.facebook.com/100013097673025,comment,,
162,https://www.facebook.com/groups/mogivietnam/permalink/2306378482731195,Cho th√¥ng tin gi√°,https://www.facebook.com/100008783015717,comment,,
163,https://www.facebook.com/groups/mogivietnam/permalink/2306378482731195,Ibx ttin ch·ªã,https://www.facebook.com/100001458164373,comment,,
164,https://www.facebook.com/groups/mogivietnam/permalink/2306378482731195,cho th√¥ng tin gi√°,https://www.facebook.com/100027718608729,comment,,
165,https://www.facebook.com/groups/mogivietnam/permalink/2306378482731195,Ib th√¥ng tin,https://www.facebook.com/100005422956403,comment,,
166,https://www.facebook.com/groups/mogivietnam/permalink/2306378482731195,Nhieu vay,https://www.facebook.com/100027011537587,comment,,
167,https://www.facebook.com/groups/mogivietnam/permalink/2306378482731195,.,https://www.facebook.com/100000124803218,comment,,
168,https://www.facebook.com/groups/mogivietnam/permalink/2306378482731195,DV c√¥ng ch·ª©ng v√† sang t√™n s·ªï ƒë·ªè lh 0936812625,https://www.facebook.com/100023216492011,comment,,
169,https://www.facebook.com/groups/mogivietnam/permalink/2306378482731195,mi·∫øng n√†y bao nhi√™u ·∫°,https://www.facebook.com/100006176130588,comment,,
170,https://www.facebook.com/groups/mogivietnam/permalink/2306378482731195,ib minh nha,https://www.facebook.com/100003880841494,comment,,
171,https://www.facebook.com/groups/mogivietnam/permalink/2306378482731195,ib m√¨nh v·ªõi,https://www.facebook.com/100005053899814,comment,,
172,https://www.facebook.com/groups/mogivietnam/permalink/2306378482731195,Ib minh gia nha,https://www.facebook.com/1004441922,comment,,
173,https://www.facebook.com/groups/mogivietnam/permalink/2306378482731195,ib gi√°.,https://www.facebook.com/100000092391075,comment,,
174,https://www.facebook.com/groups/mogivietnam/permalink/2306378482731195,ib gia,https://www.facebook.com/100005430613452,comment,,
175,https://www.facebook.com/groups/mogivietnam/permalink/2306378482731195,Kh c·∫ßn h·ªó tr·ª£ vay inb em nhed,https://www.facebook.com/100008037435202,comment,,
176,https://www.facebook.com/groups/mogivietnam/permalink/2306378482731195,"Gi√° ch·ªâ : 21tr/m2

‚òéÔ∏è Li√™n h·ªá ngay HOTLINE : 0905998294.",https://www.facebook.com/100012254048013,comment,,
177,https://www.facebook.com/groups/mogivietnam/permalink/2306378482731195,Ib em gi√° v·ªõi ch·ªã,https://www.facebook.com/100004442081645,comment,,
178,https://www.facebook.com/groups/mogivietnam/permalink/2308284312540612,c√≥ c√°i 3 t·ª∑ n√® b·∫°n,https://www.facebook.com/100027383715554,comment,,
179,https://www.facebook.com/groups/mogivietnam/permalink/2308284312540612,"5x16m 1 tr·ªát 2 l·∫ßu 1 chu·ªìng cu s√¢n th∆∞·ª£ng tr∆∞·ªõc sau, h·∫ªm xe h∆°i. P11, B√¨nh Th·∫°nh, 2 x·∫πt Phan VƒÉn Tr·ªã. SHR. Nh√† c≈© r·ªìi nh∆∞ng c√≤n r·∫•t ki√™n c·ªë. Gi√° b√°n 9 t·ª∑ c√≤n th∆∞∆°ng l∆∞·ª£ng.",https://www.facebook.com/100003083582939,comment,,
180,https://www.facebook.com/groups/mogivietnam/permalink/2308284312540612,"*** K·∫∏T TI·ªÄN K√ù B√ÅN ***
+ Gi√° 3 t·ª∑ (TL nh·∫π).
+ Nh√† 2// V·∫°n Ki·∫øp, P3, Q. B√¨nh Th·∫°nh.",https://www.facebook.com/100027383715554,comment,,
181,https://www.facebook.com/groups/mogivietnam/permalink/2308284312540612,Nh√† n√°t v√† c·∫•p 4 B√≠ch c√≥ m·∫•y cƒÉn nh√©.,https://www.facebook.com/100013723540791,comment,,
182,https://www.facebook.com/groups/mogivietnam/permalink/2308284312540612,sau 1 can mt bui ƒëinh t√∫y 4.55x18.47. 4 lau. 9ty,https://www.facebook.com/100006562593659,comment,,
183,https://www.facebook.com/groups/mogivietnam/permalink/2308284312540612,"ƒê·∫•t Th∆∞∆°ng M·∫°i D·ªãch V·ª• ven bi·ªÉn Ti·∫øn Th√†nh
Di·ªán t√≠ch 100 ƒë·∫øn 130m2 ( Quy m√¥ 300 n·ªÅn )
Gi√° ch·ªâ 600/n·ªÅn",https://www.facebook.com/100024947702713,comment,,
184,https://www.facebook.com/groups/mogivietnam/permalink/2308284312540612,"C·∫ßn b√°n m·∫∑t ti·ªÅn Nguy·ªÖn Khuy·∫øn,ph∆∞·ªùng 12, qu·∫≠n B√¨nh Th·∫°nh
Nh√† c≈© ƒë√£ th√°o d·ª°, ti·ªán x√¢y m·ªõi
Dt: 3,9 x 17 ( Nh 8m) dtcn 92m",https://www.facebook.com/100003732681509,comment,,
185,https://www.facebook.com/groups/mogivietnam/permalink/2308284312540612,"Nh√† c·ªß h·∫Ωm tr·∫ßn b√¨nh tr·ªçng,ngang 6,5√ó13 n·ªü h·∫≠u 7m,ƒëg r·ªông ,gi√° 8,7ty",https://www.facebook.com/100034758486416,comment,,
186,https://www.facebook.com/groups/mogivietnam/permalink/2308284312540612,,https://www.facebook.com/100034758486416,comment,,
187,https://www.facebook.com/groups/mogivietnam/permalink/2308284312540612,"üåπNh√† ƒë·∫πp h·∫ªm xe h∆°i N∆° Trang Long- B√ånh Thanh
* DT: ( ngang: 4 x d√†i: 17) , cn : 70.5m2
* Nh√† ƒë·∫πp m·ªõi tinh, tr·ªát, 3 l·∫ßu , 5 PN, 6 WC",https://www.facebook.com/100012588319630,comment,,
188,https://www.facebook.com/groups/mogivietnam/permalink/2308284312540612,2 m·∫∑t ti·ªÅn ƒëi·ªán bi√™n ph·ªß . nh√† n√°t . 5x10 . gi√° 10.5 t·ª∑ . 0932645472,https://www.facebook.com/100010255532277,comment,,
189,https://www.facebook.com/groups/mogivietnam/permalink/2308284312540612,Ch·ªß nh√† c·∫ßn ti·ªÅn g·∫•p t·ª´ 8ty5 xu·ªëng c√≤n 7ty5.....ai c√≥ nhu c·∫ßu ƒë·ª´ng b·ªè l·ª°.....c∆° h·ªôi ƒë·∫ßu t∆∞.....hxh quay ƒë·∫ßu p21 b√¨nh th·∫°nh,https://www.facebook.com/100003658307924,comment,,
190,https://www.facebook.com/groups/mogivietnam/permalink/2308284312540612,ƒëc ib,https://www.facebook.com/100000272178559,comment,,
191,https://www.facebook.com/groups/mogivietnam/permalink/2308284312540612,"H∆°n 130tr/m2 MT N∆° Trang Long
Tr·ªùi ∆°i tin ƒë∆∞·ª£c h√¥ng ? üò±
C√≤n 1 n·ªÅn duy nh·∫•t c∆° h·ªôi cho anh ch·ªã ƒë·∫ßu t∆∞ sinh l·ªùi c·ª±c k√¨ cao üí∂üí∂üí∂
ƒê·ªãa",https://www.facebook.com/100004481434744,comment,,
192,https://www.facebook.com/groups/mogivietnam/permalink/2310002885702088,e ƒë∆∞a cƒÉn ndc ch∆∞a ?,https://www.facebook.com/100001716287968,comment,,
193,https://www.facebook.com/groups/mogivietnam/permalink/2310002885702088,"Nh√† h·∫ªm cmt8, q10, 2.9*12, s·ªï ƒë·∫ßy ƒë·ªß, 1tret, 2 l·∫ßu, 3pn, 2wc. 3ty8.",https://www.facebook.com/100000078174187,comment,,
194,https://www.facebook.com/groups/mogivietnam/permalink/2310002885702088,"‚Ä¢ Ch√≠nh ch·ªß c·∫ßn b√°n nhanh nh√† 1 Tr·ªát 1 L·∫ßu H·∫ªm 156 ƒë∆∞·ªùng B√¨nh Th·ªõi Q11. H·∫ªm l·ªõn 4m xe taxi ra v√†o quay ƒë·∫ßu ƒë∆∞·ª£c. DT 3,8 x 5,4 c√≥ s√¢n tr∆∞·ªõc ƒë·ªÉ xe m√°y.

‚Ä¢ H·∫ªm r·ªông th√¥ng tho√°ng, kh√¥ng ng·∫≠p n∆∞·ªõc khu v·ª±c y√™n tƒ©nh, an ninh c√≥ camera quanh khu v·ª±c.",https://www.facebook.com/100003820997179,comment,,
